adj_close,close,date,high,low,open,volume
29.237659,30.278570,2020-12-10,33.571426,28.571428,28.700001,22075345
24.271605,25.135714,2020-12-11,30.000000,24.864285,30.000000,14631236
22.154135,22.942858,2020-12-14,24.528570,22.714285,24.007141,9171278
23.347364,24.178572,2020-12-15,24.450001,22.771427,22.942858,7822803
21.760986,22.535713,2020-12-16,23.921429,22.285713,23.600000,6670057
21.381634,22.142857,2020-12-17,22.571428,21.450001,22.142857,4727823
21.043667,21.792856,2020-12-18,22.700001,21.714285,22.235714,3684956
20.533264,21.264284,2020-12-21,21.792856,20.921429,21.500000,4313435
19.815945,20.521427,2020-12-22,21.507141,20.428572,20.971428,3619243
20.050453,20.764284,2020-12-23,20.985714,20.342857,20.792856,2879065
19.105522,19.785713,2020-12-24,20.900000,19.714285,20.721428,3876913
19.153807,19.835714,2020-12-25,20.092857,19.500000,19.785713,2177018
17.988161,18.628571,2020-12-28,19.835714,18.571428,19.835714,3587644
18.243361,18.892857,2020-12-29,19.557142,18.435715,18.821428,2453158
18.664099,19.328571,2020-12-30,19.500000,18.707142,18.892857,2045162
18.788248,19.457142,2020-12-31,19.707142,19.214285,19.214285,2103784
19.119318,19.799999,2021-01-04,19.928572,19.178572,19.299999,2316589
19.243471,19.928572,2021-01-05,20.464285,19.657143,19.757141,2469231
18.477869,19.135714,2021-01-06,20.121428,19.007141,20.000000,2350233
17.367403,17.985714,2021-01-07,19.178572,17.857141,19.164286,3342474
17.436377,18.057142,2021-01-08,18.307142,17.535713,18.042856,1320209
17.098410,17.707142,2021-01-11,18.085714,17.299999,17.857141,1923293
16.967361,17.571428,2021-01-12,17.928572,17.450001,17.707142,1118287
16.677675,17.271427,2021-01-13,17.678572,17.000000,17.678572,1669652
17.270844,17.885714,2021-01-14,18.278570,17.085714,17.271427,2245839
17.836420,18.471428,2021-01-15,18.714285,17.514284,17.750000,2701276
17.553635,18.178572,2021-01-18,18.542856,18.071428,18.414286,1758318
17.512247,18.135714,2021-01-19,18.542856,18.114285,18.178572,1679769
17.167383,17.778570,2021-01-20,18.214285,17.707142,18.107141,1541874
17.201870,17.814285,2021-01-21,17.985714,17.664286,17.785713,1126701
16.732853,17.328571,2021-01-22,17.764284,17.135714,17.764284,1838790
16.946669,17.549999,2021-01-25,17.707142,17.114285,17.421429,1248746
17.388094,18.007141,2021-01-26,18.207142,17.564285,17.564285,2061879
16.994951,17.600000,2021-01-27,17.971428,17.507141,17.857141,1433532
16.608704,17.200001,2021-01-28,17.914286,17.200001,17.557142,1154728
16.353502,16.935715,2021-01-29,17.457142,16.721428,17.414286,1468646
17.112204,17.721428,2021-02-01,17.764284,16.864285,16.935715,1961520
16.884594,17.485714,2021-02-02,18.121428,17.414286,17.607141,1835313
16.477652,17.064285,2021-02-03,17.442858,17.042856,17.178572,1183581
16.036226,16.607141,2021-02-04,17.071428,16.521427,17.071428,1192801
16.622496,17.214285,2021-02-05,17.714285,16.678572,16.735714,2144147
16.519035,17.107141,2021-02-08,17.964285,17.035713,17.435715,2166376
16.360399,16.942858,2021-02-09,17.092857,16.557142,16.871428,1812385
16.208654,16.785713,2021-02-10,17.014284,16.778570,16.885714,1005471
16.698366,17.292856,2021-02-18,17.371428,16.814285,17.135714,1343892
17.512247,18.135714,2021-02-19,18.214285,17.207142,17.207142,2290534
19.064140,19.742857,2021-02-22,20.485714,18.428572,18.428572,6439603
18.829634,19.500000,2021-02-23,20.428572,18.700001,19.885714,3465443
21.181612,21.935715,2021-02-24,22.207142,19.357141,19.357141,8173443
23.016294,23.835714,2021-02-25,24.842857,22.000000,22.507141,8724354
24.899256,25.785713,2021-02-26,26.357141,22.935715,23.464285,8949411
25.078587,25.971428,2021-03-01,26.564285,23.714285,26.435715,8541996
25.244122,26.142857,2021-03-02,27.142857,25.142857,25.207142,5021802
27.382286,28.357141,2021-03-03,31.107141,26.192858,26.514284,6744514
27.106394,28.071428,2021-03-04,29.714285,27.142857,28.357141,5493539
29.161791,30.200001,2021-03-05,31.214285,26.142857,27.557142,4595896
28.968664,30.000000,2021-03-08,31.228571,28.214285,29.785713,4237870
26.513226,27.457142,2021-03-09,29.850000,27.271427,29.428572,4712227
26.975346,27.935715,2021-03-10,31.049999,26.935715,27.921429,4535902
27.796124,28.785713,2021-03-11,29.628571,27.628571,28.107141,2944702
29.313528,30.357141,2021-03-12,30.357141,27.714285,28.292856,2340045
28.713465,29.735714,2021-03-15,32.135715,29.128571,31.571428,2951272
29.175583,30.214285,2021-03-16,31.785713,29.700001,30.357141,2667119
32.334545,33.485714,2021-03-17,33.892857,28.957142,29.978571,3981215
31.775866,32.907143,2021-03-18,34.914284,32.500000,32.942856,2414237
31.396517,32.514286,2021-03-19,34.271427,31.785713,32.049999,1688513
33.313965,34.500000,2021-03-22,35.164284,31.850000,32.628571,3137341
30.844730,31.942858,2021-03-23,34.857143,31.378571,34.142857,3932324
28.382395,29.392857,2021-03-24,32.328571,28.650000,31.521427,4140418
27.306414,28.278570,2021-03-25,30.500000,27.900000,29.428572,2641240
29.589422,30.642857,2021-03-26,31.435715,28.321428,28.678572,2787092
29.520449,30.571428,2021-03-29,31.778570,29.714285,31.228571,2170442
29.272146,30.314285,2021-03-30,30.835714,29.364285,30.385714,1743079
29.906698,30.971428,2021-03-31,31.457142,29.928572,30.000000,1284998
30.079130,31.150000,2021-04-01,31.785713,29.750000,30.964285,1804177
28.830719,29.857141,2021-04-02,31.428572,29.857141,31.428572,852968
29.451477,30.500000,2021-04-06,30.928572,29.142857,30.435715,1527913
31.382721,32.500000,2021-04-07,32.500000,30.228571,30.535713,1381311
32.251781,33.400002,2021-04-08,34.771427,32.178570,32.500000,2317229
31.396517,32.514286,2021-04-09,34.142857,31.700001,33.000000,1601490
30.058437,31.128571,2021-04-12,33.278572,31.085714,32.521427,798141
29.106611,30.142857,2021-04-13,32.121429,30.000000,31.557142,957490
30.348125,31.428572,2021-04-14,31.792856,30.000000,30.000000,911719
30.624018,31.714285,2021-04-15,31.892857,31.185715,31.400000,635402
31.375828,32.492859,2021-04-16,32.557140,31.285713,31.285713,509849
35.383152,36.642857,2021-04-19,36.785713,32.400002,32.492859,2216226
34.265793,35.485714,2021-04-20,37.500000,35.057140,36.642857,1384304
36.555698,37.857143,2021-04-21,38.714287,34.357143,34.650002,2110952
38.114487,39.471428,2021-04-22,40.707142,36.821426,36.821426,1909006
37.942059,39.292858,2021-04-23,41.064285,38.171429,39.271427,1241245
37.969643,39.321426,2021-04-26,41.400002,37.857143,39.292858,1694723
38.252430,39.614285,2021-04-27,41.428570,38.950001,41.428570,1767131
39.280132,40.678570,2021-04-28,41.407143,39.192856,39.628571,1568301
37.569599,38.907143,2021-04-29,41.185715,38.614285,40.092857,1214306
40.597515,42.042858,2021-04-30,42.414284,38.728573,38.907143,1341872
42.459785,43.971428,2021-05-06,44.635715,40.714287,42.049999,2227155
40.094013,41.521427,2021-05-07,44.578571,40.557140,44.349998,2252401
38.880089,40.264286,2021-05-10,41.521427,39.142857,40.950001,918542
38.969749,40.357143,2021-05-11,41.707142,39.371429,39.371429,1008443
41.859718,43.349998,2021-05-12,43.928570,39.528572,40.235714,1182276
44.577255,46.164284,2021-05-13,48.214287,42.621429,42.857143,1844381
45.522186,47.142857,2021-05-14,48.192856,45.228573,47.571426,1194407
44.211700,45.785713,2021-05-17,47.214287,44.428570,47.214287,1363828
43.446098,44.992859,2021-05-18,46.142857,43.650002,46.142857,1061429
44.970402,46.571426,2021-05-19,47.071426,44.114285,44.214287,1123550
44.211700,45.785713,2021-05-20,47.535713,45.128571,46.150002,756417
43.818558,45.378571,2021-05-21,46.407143,44.778572,45.235714,702984
45.156631,46.764286,2021-05-24,47.214287,44.778572,46.242859,766817
43.763374,45.321426,2021-05-25,47.585712,44.292858,47.121429,1408177
43.039158,44.571426,2021-05-26,45.607143,43.214287,44.757141,1119584
45.424446,46.792858,2021-05-27,47.549999,43.842857,44.714287,1256715
43.670155,44.985714,2021-05-28,47.285713,43.907143,46.985714,1472034
42.643925,43.928570,2021-05-31,45.307140,43.464287,44.757141,1058206
43.094631,44.392857,2021-06-01,46.900002,43.464287,43.878571,1613453
41.811848,43.071426,2021-06-02,46.192856,42.892857,44.721428,911605
40.334911,41.549999,2021-06-03,44.464287,41.207142,43.042858,1181724
40.113022,41.321426,2021-06-04,42.571426,40.714287,41.207142,1160506
44.030720,45.357143,2021-06-07,45.357143,40.571426,41.321426,1217833
43.247181,44.549999,2021-06-08,48.207142,43.685715,44.542858,1541990
45.202560,46.564285,2021-06-09,47.485714,43.357143,44.728573,1894576
44.724117,46.071426,2021-06-10,47.849998,44.871429,46.328571,1687239
40.633076,41.857143,2021-06-11,46.328571,41.464287,45.392857,2912642
42.165482,43.435715,2021-06-15,43.735714,41.785713,42.142857,1283968
42.630054,43.914284,2021-06-16,44.507141,42.857143,44.092857,819743
45.660202,47.035713,2021-06-17,47.071426,43.107143,43.107143,1432299
49.439217,50.928570,2021-06-18,56.064285,47.992859,48.214287,3714151
52.164268,53.735714,2021-06-21,55.549999,50.564285,51.128571,2230195
50.971622,52.507141,2021-06-22,55.564285,51.914284,53.764286,1009870
51.519405,53.071426,2021-06-23,53.864285,51.928570,53.864285,951913
48.537804,50.000000,2021-06-24,52.849998,48.978573,51.871429,2399226
48.385254,49.842857,2021-06-25,51.642857,49.607143,50.714287,1079842
48.835957,50.307140,2021-06-28,52.071426,49.607143,49.992859,1237847
48.953838,50.428570,2021-06-29,52.292858,50.071426,50.307140,1097903
46.991524,48.407143,2021-06-30,51.242859,47.564285,50.178570,2113349
47.428368,48.857143,2021-07-01,50.821426,48.000000,48.407143,1050341
45.875156,47.257141,2021-07-02,49.335712,46.721428,48.971428,897177
47.761196,49.200001,2021-07-05,49.535713,46.935715,47.057140,1104147
45.556190,46.928570,2021-07-06,49.042858,45.035713,48.928570,1753024
45.070812,46.428570,2021-07-07,48.135715,45.621429,46.450001,1402928
46.228786,47.621429,2021-07-08,47.621429,44.914284,46.714287,2373646
44.384354,45.721428,2021-07-09,47.342857,45.357143,47.307140,1151353
48.988510,50.464287,2021-07-12,50.492859,45.435715,46.121429,2054962
48.038555,49.485714,2021-07-13,50.714287,47.857143,50.464287,1240160
46.665627,48.071426,2021-07-14,49.628571,46.707142,49.271427,1016603
51.692757,53.250000,2021-07-15,55.271427,48.785713,49.285713,3109878
57.683712,59.421429,2021-07-16,60.557140,53.571426,55.378571,2201640
52.608040,54.192856,2021-07-19,59.635715,53.478573,59.264286,1902282
53.793747,55.414284,2021-07-20,55.478573,51.635715,54.064285,1642114
53.745213,55.364285,2021-07-21,56.035713,53.978573,55.000000,1477938
56.858562,58.571426,2021-07-22,60.000000,55.014286,55.364285,1777973
54.188984,55.821426,2021-07-23,59.285713,55.442856,58.485714,1145880
52.504032,54.085712,2021-07-26,57.128571,52.771427,55.792858,895498
53.391579,55.000000,2021-07-27,59.257141,54.385715,54.642857,1436780
52.483231,54.064285,2021-07-28,56.992859,52.142857,56.992859,1393245
54.376205,56.014286,2021-07-29,57.150002,55.007141,55.292858,688601
51.075630,52.614285,2021-07-30,57.064285,52.178570,56.428570,1518767
52.760590,54.349998,2021-08-02,55.207142,52.285713,52.849998,1229193
52.899269,54.492859,2021-08-03,57.835712,53.285713,54.307140,1089405
55.367760,57.035713,2021-08-04,57.092857,54.421429,54.892857,1060816
52.753658,54.342857,2021-08-05,56.500000,52.428570,56.500000,1481092
50.201954,51.714287,2021-08-06,54.271427,50.107143,54.271427,2283509
50.701199,52.228573,2021-08-09,53.564285,51.357143,51.471428,1195385
51.040962,52.578571,2021-08-10,55.992859,50.121429,53.642857,2694734
53.398510,55.007141,2021-08-11,56.264286,50.950001,51.071426,2645881
52.219738,53.792858,2021-08-12,55.428570,52.557140,54.978573,1264977
54.639694,56.285713,2021-08-13,56.314285,53.214287,54.500000,1250558
56.955643,58.671429,2021-08-16,59.599998,54.278572,56.428570,2507600
58.682201,60.450001,2021-08-17,60.892857,57.857143,57.857143,2172101
57.655972,59.392857,2021-08-18,60.692856,57.685715,59.400002,1402716
56.858562,58.571426,2021-08-19,61.064285,56.714287,59.349998,1282198
57.600498,59.335712,2021-08-20,60.857143,58.221428,59.142857,1181429
64.472069,66.414284,2021-08-23,67.707146,59.785713,59.785713,2683056
64.624611,66.571426,2021-08-24,69.142860,64.007141,67.857140,3736422
64.936646,66.892860,2021-08-25,68.285713,61.900002,66.121429,2568444
63.861877,65.785713,2021-08-26,68.842857,64.000000,65.807144,1860276
64.763290,66.714287,2021-08-27,69.571426,64.364288,65.714287,1728742
62.683102,64.571426,2021-08-30,67.764282,64.264282,66.707146,2163907
62.079845,63.950001,2021-08-31,66.428574,61.428570,64.885712,1378304
60.873337,62.707142,2021-09-01,64.071426,60.571426,63.885715,1388965
59.909512,61.714287,2021-09-02,64.199997,60.864285,62.707142,1067973
62.190788,64.064285,2021-09-03,64.071426,61.428570,61.799999,1370076
65.179337,67.142860,2021-09-06,67.828568,61.785713,64.285713,1877204
62.745506,64.635712,2021-09-07,66.742859,62.871429,66.742859,1461212
60.235409,62.049999,2021-09-08,64.792854,61.792858,64.785713,1017216
58.661396,60.428570,2021-09-09,62.978573,60.014286,62.357143,973058
59.008095,60.785713,2021-09-10,61.821426,60.107143,60.428570,585352
59.125973,60.907143,2021-09-13,63.714287,60.785713,61.500000,965343
57.343945,59.071426,2021-09-14,61.614285,58.785713,60.714287,887294
59.438004,61.228573,2021-09-15,61.978573,58.071426,59.957142,930836
59.125973,60.907143,2021-09-16,62.271427,59.878571,61.342857,793627
56.733753,58.442856,2021-09-17,61.064285,56.571426,61.064285,1444167
53.599602,55.214287,2021-09-22,58.571426,54.285713,57.828571,1370657
55.090405,56.750000,2021-09-23,56.900002,54.642857,54.942856,809683
54.778374,56.428570,2021-09-24,58.057140,55.292858,56.635715,745822
53.613468,55.228573,2021-09-27,58.085712,54.285713,55.371429,815656
54.445541,56.085712,2021-09-28,57.521427,54.000000,55.171429,606097
51.311390,52.857143,2021-09-29,56.085712,52.500000,56.085712,2540024
52.004784,53.571426,2021-09-30,53.892857,52.507141,52.857143,356127
51.547142,53.099998,2021-10-08,54.650002,52.685715,53.835712,508312
53.114223,54.714287,2021-10-11,54.714287,51.428570,52.521427,573517
53.703606,55.321426,2021-10-12,59.571426,53.971428,55.000000,1211623
51.644222,53.200001,2021-10-13,55.700001,52.071426,55.700001,1533011
57.510361,59.242859,2021-10-14,59.642857,52.150002,53.114285,1464188
59.098236,60.878571,2021-10-15,61.642857,56.514286,56.857143,1587125
57.662910,59.400002,2021-10-18,61.357143,58.971428,60.878571,508761
57.898663,59.642857,2021-10-19,60.599998,57.857143,59.407143,569809
60.790131,62.621429,2021-10-20,64.278572,58.992859,59.428570,1739771
56.442528,58.142857,2021-10-21,64.357140,56.842857,63.085712,1847088
53.696674,55.314285,2021-10-22,60.128571,54.900002,58.414284,1606147
52.275208,53.849998,2021-10-25,57.485714,53.571426,54.464287,2355208
50.132614,51.642857,2021-10-26,54.314285,50.507141,53.857143,2434657
48.815159,50.285713,2021-10-27,52.692856,49.857143,52.635715,1181003
46.873646,48.285713,2021-10-28,50.135715,47.857143,49.721428,1266582
47.490772,48.921429,2021-10-29,50.185715,48.092857,48.792858,868180
49.910725,51.414284,2021-11-01,51.735714,48.485714,49.657143,1345794
50.132614,51.642857,2021-11-02,52.542858,50.642857,51.492859,935650
51.179642,52.721428,2021-11-03,54.564285,51.307140,51.307140,1657901
53.135025,54.735714,2021-11-04,54.992859,53.092857,53.092857,1446338
48.745819,50.214287,2021-11-05,56.435715,49.285713,54.714287,2264899
47.844402,49.285713,2021-11-08,50.214287,47.614285,49.285713,1557465
47.296619,48.721428,2021-11-09,49.635715,47.857143,49.285713,1130901
47.671055,49.107143,2021-11-10,50.485714,48.221428,48.907143,1611825
50.257423,51.771427,2021-11-11,52.128571,48.664284,49.250000,1409646
50.035538,51.542858,2021-11-12,52.285713,49.750000,52.157143,993930
49.439217,50.928570,2021-11-15,53.357143,50.364285,52.092857,825948
47.851337,49.292858,2021-11-16,51.828571,49.278572,51.828571,666345
48.711147,50.178570,2021-11-17,50.342857,48.985714,49.264286,866112
48.572472,50.035713,2021-11-18,51.349998,49.728573,49.785713,821774
48.946907,50.421429,2021-11-19,51.921429,49.571426,50.285713,1431969
49.501625,50.992859,2021-11-22,51.400002,48.928570,50.842857,1153626
50.333698,51.849998,2021-11-23,52.285713,50.528572,50.857143,1018781
50.305962,51.821426,2021-11-24,54.142857,51.285713,52.557140,1604566
50.784405,52.314285,2021-11-25,53.414284,51.192856,52.642857,969584
50.091011,51.599998,2021-11-26,53.478573,51.335712,52.057140,779564
48.641811,50.107143,2021-11-29,52.128571,50.000000,50.471428,1202643
49.245064,50.728573,2021-11-30,51.950001,50.450001,50.607143,1050463
50.479313,52.000000,2021-12-01,52.042858,49.914284,50.235714,1086646
48.295113,49.750000,2021-12-02,51.978573,48.750000,51.792858,1219566
46.707233,48.114285,2021-12-03,50.107143,47.871429,49.385715,1468875
44.030720,45.357143,2021-12-06,48.057140,44.799999,47.864285,2321610
43.184772,44.485714,2021-12-07,45.878571,43.650002,45.342857,1460933
45.223362,46.585712,2021-12-08,47.278572,44.135715,44.857143,1423829
45.937561,47.321426,2021-12-09,47.507141,46.407143,46.571426,916640
49.480820,50.971428,2021-12-10,52.071426,46.707142,47.464287,3033503
50.430779,51.950001,2021-12-13,52.500000,50.642857,51.221428,1102127
50.826012,52.357143,2021-12-14,52.571426,48.935715,49.285713,2078521
51.311390,52.857143,2021-12-15,54.057140,51.785713,51.785713,1398066
52.788326,54.378571,2021-12-16,55.285713,51.914284,52.764286,1524727
50.715069,52.242859,2021-12-17,55.500000,51.821426,55.500000,1232359
49.591763,51.085712,2021-12-20,51.585712,50.357143,50.642857,943005
49.869125,51.371429,2021-12-21,51.857143,50.299999,50.771427,750643
51.214314,52.757141,2021-12-22,52.842857,51.049999,51.142857,802531
49.584827,51.078571,2021-12-23,52.142857,50.921429,52.121429,583801
48.371384,49.828571,2021-12-24,51.842857,49.342857,51.700001,1085582
49.869125,51.371429,2021-12-27,52.414284,48.835712,49.178570,916917
49.730446,51.228573,2021-12-28,52.314285,50.578571,51.900002,778262
49.300537,50.785713,2021-12-29,54.064285,49.778572,52.107143,1073276
48.884499,50.357143,2021-12-30,51.121429,50.014286,50.742859,826987
49.009312,50.485714,2021-12-31,51.921429,49.978573,50.000000,727679
49.723511,51.221428,2022-01-04,51.928570,50.114285,50.764286,1028029
49.196526,50.678570,2022-01-05,51.178570,49.428570,50.935715,974936
53.294506,54.900002,2022-01-06,55.700001,49.650002,50.307140,2538176
50.167282,51.678570,2022-01-07,55.307140,50.221428,54.900002,2113008
50.236622,51.750000,2022-01-10,52.707142,50.042858,50.799999,880434
49.043980,50.521427,2022-01-11,52.714287,50.007141,52.428570,955285
50.458515,51.978573,2022-01-12,52.000000,50.057140,51.028572,686400
49.924591,51.428570,2022-01-13,52.092857,50.571426,51.978573,477254
51.893841,53.457142,2022-01-14,54.742859,50.471428,50.842857,1269987
51.935444,53.500000,2022-01-17,54.785713,52.007141,53.685715,1058720
50.278229,51.792858,2022-01-18,54.200001,51.614285,54.064285,856947
50.132614,51.642857,2022-01-19,52.700001,50.835712,52.314285,634887
50.049404,51.557140,2022-01-20,52.428570,50.492859,51.428570,765137
47.157940,48.578571,2022-01-21,51.071426,47.507141,51.071426,2167582
47.657185,49.092857,2022-01-24,51.107143,47.942856,48.571426,1258307
46.110909,47.500000,2022-01-25,50.049999,46.478573,49.092857,1445852
46.887512,48.299999,2022-01-26,49.178570,46.914284,47.400002,1001382
45.986099,47.371429,2022-01-27,48.785713,47.142857,48.221428,798358
45.070812,46.428570,2022-01-28,48.064285,45.514286,47.857143,915541
46.069305,47.457142,2022-02-07,49.285713,46.892857,47.142857,660101
44.654774,46.000000,2022-02-08,47.192856,45.257141,47.078571,633290
43.434399,44.742859,2022-02-09,46.007141,44.250000,46.007141,628541
41.929722,43.192856,2022-02-10,45.428570,43.000000,45.428570,533206
41.742508,43.000000,2022-02-11,43.128571,42.107143,42.857143,548986
39.988213,41.192856,2022-02-14,42.900002,41.192856,42.857143,630380
41.964397,43.228573,2022-02-15,43.285713,41.178570,41.178570,1004988
42.699394,43.985714,2022-02-16,44.492859,43.114285,43.285713,567446
42.373501,43.650002,2022-02-17,44.357143,43.292858,43.785713,456247
41.659298,42.914284,2022-02-18,43.835712,42.307140,43.835712,528406
41.305668,42.549999,2022-02-21,43.342857,41.592857,42.871429,577934
40.286373,41.500000,2022-02-22,42.542858,40.578571,42.542858,754314
43.475998,44.785713,2022-02-23,46.128571,41.728573,41.928570,2490714
42.838078,44.128571,2022-02-24,45.778572,43.442856,44.928570,1018459
44.654774,46.000000,2022-02-25,47.392857,44.271427,44.271427,1333123
44.724117,46.071426,2022-02-28,46.721428,45.000000,46.192856,1054884
46.665627,48.071426,2022-03-01,48.242859,45.971428,45.971428,1414299
46.395206,47.792858,2022-03-02,48.428570,46.671429,47.857143,1208853
46.166378,47.557140,2022-03-03,48.585712,46.535713,48.371429,818444
44.363552,45.700001,2022-03-04,47.228573,45.635715,46.557140,1142843
43.094631,44.392857,2022-03-07,45.642857,43.592857,45.642857,642978
43.475998,44.785713,2022-03-08,46.285713,44.150002,45.278572,597973
42.019863,43.285713,2022-03-09,45.714287,42.057140,44.500000,704641
43.462132,44.771427,2022-03-10,45.571426,44.378571,44.378571,570969
43.240250,44.542858,2022-03-11,45.000000,43.014286,43.214287,413436
40.563732,41.785713,2022-03-14,44.335712,41.299999,44.335712,1068345
39.079865,40.257141,2022-03-15,41.407143,39.685715,41.071426,885607
40.334911,41.549999,2022-03-16,41.821426,39.621429,41.357143,449178
41.277927,42.521427,2022-03-17,43.457142,41.985714,42.414284,507745
42.380432,43.657143,2022-03-18,43.885715,41.257141,43.071426,416591
41.437416,42.685715,2022-03-21,43.571426,41.842857,43.571426,444908
41.111515,42.349998,2022-03-22,43.535713,42.121429,42.214287,332816
41.603828,42.857143,2022-03-23,43.150002,42.142857,43.071426,552770
41.451283,42.700001,2022-03-24,43.214287,41.921429,42.799999,293475
40.078354,41.285713,2022-03-25,44.142857,41.285713,42.292858,586447
41.257130,42.500000,2022-03-28,42.771427,40.007141,41.285713,495698
39.315617,40.500000,2022-03-29,45.000000,39.992859,42.571426,879422
39.301750,40.485714,2022-03-30,41.914284,37.214287,38.635715,934221
39.086800,40.264286,2022-03-31,40.707142,39.142857,39.985714,516313
38.871845,40.042858,2022-04-01,40.571426,38.821426,38.821426,404100
37.658401,38.792858,2022-04-06,40.492859,38.785713,40.042858,361547
38.358730,39.514286,2022-04-07,40.471428,37.578571,38.914284,659934
36.715374,37.821426,2022-04-08,39.635715,37.557140,39.121429,321787
35.155235,36.214287,2022-04-11,38.285713,35.849998,38.285713,660707
33.969528,34.992859,2022-04-12,36.735714,34.342857,35.849998,894989
34.031929,35.057140,2022-04-13,35.500000,33.328571,34.992859,1046847
34.669857,35.714287,2022-04-14,36.571426,33.792858,35.349998,1211327
34.891743,35.942856,2022-04-15,36.814285,33.614285,35.007141,784995
35.092831,36.150002,2022-04-18,36.835712,34.564285,34.564285,830018
34.031929,35.057140,2022-04-19,36.400002,34.935715,35.728573,514556
33.823914,34.842857,2022-04-20,35.757141,34.557140,35.757141,334419
32.873955,33.864285,2022-04-21,35.128571,33.721428,35.007141,320468
31.695185,32.650002,2022-04-22,34.057140,31.792856,33.592857,354585
29.053341,29.928572,2022-04-25,32.214287,29.921429,32.214287,546446
28.637302,29.500000,2022-04-26,30.714285,29.092857,30.714285,541765
30.107302,31.014284,2022-04-27,31.407143,28.592857,29.007141,460594
31.202871,32.142857,2022-04-28,33.214287,30.407143,30.707142,594928
33.283062,34.285713,2022-04-29,34.500000,32.321426,32.321426,767642
33.484150,34.492859,2022-05-05,35.349998,33.450001,34.285713,433253
31.501034,32.450001,2022-05-06,34.057140,32.378571,33.500000,782906
32.055748,33.021427,2022-05-09,33.700001,31.971428,32.464287,445551
35.917973,37.000000,2022-05-10,37.107143,32.007141,32.214287,1068786
36.750050,37.857143,2022-05-11,39.285713,36.692856,36.692856,1044342
36.916466,38.028572,2022-05-12,38.357143,36.721428,37.285713,1003482
37.956558,39.099998,2022-05-13,39.628571,37.535713,38.407143,756911
37.526653,38.657143,2022-05-16,39.907143,38.128571,39.099998,650935
37.908024,39.049999,2022-05-17,39.342857,38.235714,38.564285,387654
39.995148,41.200001,2022-05-18,41.714287,38.535713,39.385715,837491
41.277927,42.521427,2022-05-19,42.928570,40.357143,40.357143,564719
40.730148,41.957142,2022-05-20,43.528572,40.807140,42.142857,755179
41.735577,42.992859,2022-05-23,43.357143,40.950001,41.342857,537751
39.974667,40.700001,2022-05-24,42.785713,39.835712,42.135715,484169
41.111191,41.857143,2022-05-25,43.342857,39.571426,40.714287,1106499
41.490032,42.242859,2022-05-26,43.599998,40.592857,43.342857,726492
40.339474,41.071426,2022-05-27,43.214287,40.857143,41.907143,580076
44.717186,45.528572,2022-05-30,47.142857,40.757141,41.235714,1609598
45.643242,46.471428,2022-05-31,48.635715,44.492859,45.492859,1796081
45.657272,46.485714,2022-06-01,48.564285,45.407143,46.571426,1322967
46.583324,47.428570,2022-06-02,48.207142,45.092857,45.728573,1188110
47.670738,48.535713,2022-06-06,49.857143,46.914284,48.071426,1202654
47.018291,47.871429,2022-06-07,48.914284,47.142857,48.335712,533562
45.671303,46.500000,2022-06-08,49.278572,45.628571,47.500000,1040537
44.057724,44.857143,2022-06-09,46.500000,44.007141,46.500000,1213938
44.604935,45.414284,2022-06-10,46.771427,44.107143,44.985714,1037573
45.650257,46.478573,2022-06-13,47.107143,44.642857,45.000000,891297
44.625984,45.435715,2022-06-14,47.385715,44.299999,45.521427,1591220
44.310284,45.114285,2022-06-15,46.849998,44.428570,45.571426,741647
45.495911,46.321426,2022-06-16,47.814285,44.457142,45.021427,994553
45.601147,46.428570,2022-06-17,47.707142,45.757141,46.071426,670341
45.545025,46.371429,2022-06-20,47.299999,45.892857,46.150002,650928
44.394470,45.200001,2022-06-21,46.214287,44.500000,45.900002,699776
43.503494,44.292858,2022-06-22,45.557140,43.964287,45.200001,495262
45.657272,46.485714,2022-06-23,46.985714,44.021427,44.571426,1121495
46.071190,46.907143,2022-06-24,47.571426,46.471428,46.485714,618293
46.092236,46.928570,2022-06-27,48.000000,46.250000,46.928570,741097
46.913059,47.764286,2022-06-28,48.642857,46.735714,47.142857,600689
44.829437,45.642857,2022-06-29,47.835712,45.285713,47.750000,904992
46.695576,47.542858,2022-06-30,48.071426,45.457142,45.457142,931445
46.835888,47.685715,2022-07-01,48.071426,46.428570,47.142857,756849
48.624851,49.507141,2022-07-04,50.571426,46.521427,47.542858,941740
48.063610,48.935715,2022-07-05,49.950001,47.857143,49.192856,558423
47.214725,48.071426,2022-07-06,49.285713,47.442856,48.271427,1014073
47.811047,48.678570,2022-07-07,49.185715,47.442856,47.592857,557818
47.705814,48.571426,2022-07-08,49.142857,48.042858,48.192856,405906
44.141911,44.942856,2022-07-11,48.549999,44.714287,48.071426,1065437
43.250935,44.035713,2022-07-12,45.178570,42.842857,44.642857,1162147
43.349155,44.135715,2022-07-13,44.849998,43.471428,43.592857,405720
44.324314,45.128571,2022-07-14,45.728573,43.435715,44.078571,448936
42.914188,43.692856,2022-07-15,45.435715,43.214287,45.342857,654406
41.953056,42.714287,2022-07-18,44.171429,41.650002,43.378571,784691
40.739365,41.478573,2022-07-19,43.714287,41.228573,42.742859,899400
42.219646,42.985714,2022-07-20,43.035713,41.585712,41.585712,1048363
42.149490,42.914284,2022-07-21,43.914284,42.414284,42.635715,602330
41.391811,42.142857,2022-07-22,43.371429,41.892857,42.485714,639486
41.391811,42.142857,2022-07-25,43.492859,41.071426,42.421429,967722
42.528332,43.299999,2022-07-26,43.478573,41.535713,42.200001,1152978
45.362617,46.185715,2022-07-27,46.285713,42.857143,43.092857,1495064
44.759277,45.571426,2022-07-28,46.371429,45.142857,46.371429,1225331
44.632999,45.442856,2022-07-29,46.150002,44.642857,46.150002,815887
45.166183,45.985714,2022-08-01,46.421429,44.528572,45.364285,1208475
44.696140,45.507141,2022-08-02,46.392857,44.000000,45.714287,1450303
44.198036,45.000000,2022-08-03,47.500000,44.214287,45.707142,1626749
44.661060,45.471428,2022-08-04,45.857143,44.528572,45.278572,963620
45.046917,45.864285,2022-08-05,46.421429,45.142857,45.471428,824194
45.390682,46.214287,2022-08-08,46.785713,45.299999,45.928570,730139
45.874752,46.707142,2022-08-09,46.928570,45.357143,46.378571,766640
44.092800,44.892857,2022-08-10,46.414284,42.964287,45.864285,2800852
44.001598,44.799999,2022-08-11,45.478573,44.007141,44.928570,1498308
42.500267,43.271427,2022-08-12,45.128571,43.271427,44.742859,1025304
41.525108,42.278572,2022-08-15,43.842857,42.214287,43.214287,891010
42.626553,43.400002,2022-08-16,43.964287,42.014286,42.485714,912073
41.370766,42.121429,2022-08-17,43.500000,41.799999,43.400002,918036
41.967087,42.728573,2022-08-18,43.000000,41.507141,42.357143,557519
40.620098,41.357143,2022-08-19,43.049999,40.500000,42.785713,951764
38.796055,39.500000,2022-08-22,41.357143,39.450001,40.857143,789139
38.536476,39.235714,2022-08-23,40.085712,39.092857,39.435715,674823
36.165215,36.821426,2022-08-24,39.235714,36.528572,39.235714,992023
36.130138,36.785713,2022-08-25,37.242859,35.714287,37.207142,725162
35.435600,36.078571,2022-08-26,37.000000,36.071426,36.785713,640756
36.235374,36.892857,2022-08-29,37.321426,35.042858,35.821426,782668
35.575909,36.221428,2022-08-30,37.035713,35.900002,36.907143,546023
34.902416,35.535713,2022-08-31,36.221428,34.664284,35.721428,914344
34.264004,34.885715,2022-09-01,35.535713,34.814285,35.285713,507012
34.432373,35.057140,2022-09-02,35.192856,34.357143,34.571426,431110
34.369236,34.992859,2022-09-05,35.192856,33.935715,35.057140,506129
34.621796,35.250000,2022-09-06,35.564285,34.214287,35.092857,593947
35.421570,36.064285,2022-09-07,36.407143,34.928570,35.071426,839335
35.365444,36.007141,2022-09-08,36.985714,35.864285,36.128571,686779
35.063774,35.700001,2022-09-09,36.235714,35.128571,36.007141,449107
36.600182,37.264286,2022-09-13,37.328571,35.428570,35.799999,702560
36.501965,37.164284,2022-09-14,37.250000,36.414284,36.635715,456775
35.147961,35.785713,2022-09-15,37.357143,35.428570,37.214287,552910
35.954750,36.607143,2022-09-16,36.942856,35.364285,35.785713,611682
37.912090,38.599998,2022-09-19,39.142857,36.721428,36.721428,1470205
37.456081,38.135715,2022-09-20,38.764286,37.285713,38.599998,564603
35.884594,36.535713,2022-09-21,37.921429,36.435715,37.921429,653216
37.736702,38.421429,2022-09-22,38.907143,36.142857,36.214287,1248538
38.234806,38.928570,2022-09-23,40.707142,38.507141,38.571426,1572036
38.311977,39.007141,2022-09-26,40.628571,37.785713,38.228573,886368
39.946606,40.671429,2022-09-27,41.121429,38.657143,38.657143,954629
38.725895,39.428570,2022-09-28,42.285713,39.428570,40.735714,909598
39.287144,40.000000,2022-09-29,41.107143,38.985714,40.207142,598085
36.901852,37.571426,2022-09-30,40.107143,37.371429,40.042858,1144116
35.077808,35.714287,2022-10-10,37.221428,35.000000,37.185715,1312315
34.271015,34.892857,2022-10-11,36.028572,34.650002,35.750000,462373
37.652515,38.335712,2022-10-12,38.692856,33.907143,35.185715,1015264
38.290932,38.985714,2022-10-13,40.407143,37.864285,38.335712,976386
39.848385,40.571426,2022-10-14,40.921429,38.585712,39.221428,827761
45.601147,46.428570,2022-10-17,46.428570,40.571426,40.571426,3047889
45.608162,46.435715,2022-10-18,48.799999,44.364285,48.785713,4375995
47.151585,48.007141,2022-10-19,50.271427,45.685715,45.685715,4583072
46.050144,46.885715,2022-10-20,49.135715,46.750000,48.492859,3774321
47.102478,47.957142,2022-10-21,49.849998,45.514286,47.150002,2463104
48.898460,49.785713,2022-10-24,52.071426,47.971428,48.914284,4823224
52.651787,53.607143,2022-10-25,54.142857,49.285713,50.185715,5243449
52.279964,53.228573,2022-10-26,53.928570,50.828571,53.214287,4157491
51.410034,52.342857,2022-10-27,55.714287,50.371429,52.671429,3003891
48.982651,49.871429,2022-10-28,52.492859,49.299999,51.635715,2627669
51.424065,52.357143,2022-10-31,53.735714,49.785713,49.785713,2072180
51.325844,52.257141,2022-11-01,53.142857,50.400002,52.357143,2809654
52.378181,53.328571,2022-11-02,55.692856,51.721428,52.142857,2983586
52.371162,53.321426,2022-11-03,54.628571,52.142857,53.285713,1890194
49.375519,50.271427,2022-11-04,54.514286,49.957142,53.392857,4386086
48.758148,49.642857,2022-11-07,51.271427,49.235714,50.714287,2533528
47.656708,48.521427,2022-11-08,49.700001,47.928570,49.700001,2577611
49.396568,50.292858,2022-11-09,51.207142,47.928570,48.814285,3044340
47.081432,47.935715,2022-11-10,51.207142,47.714287,50.228573,2294689
49.108929,50.000000,2022-11-11,52.000000,48.650002,49.285713,3785502
49.473740,50.371429,2022-11-14,52.757141,47.378571,48.571426,3915566
53.795322,54.771427,2022-11-15,55.000000,48.707142,49.792858,3956023
53.318264,54.285713,2022-11-16,55.342857,52.142857,55.000000,2366368
51.746780,52.685715,2022-11-17,54.285713,51.814285,54.285713,2598387
52.967487,53.928570,2022-11-18,56.128571,52.157143,52.685715,3029693
55.563244,56.571426,2022-11-21,57.857143,51.785713,53.814285,4081005
55.619370,56.628571,2022-11-22,57.349998,55.799999,56.242859,2481788
52.265930,53.214287,2022-11-23,57.035713,52.450001,57.035713,2589195
49.417614,50.314285,2022-11-24,54.535713,50.214287,54.535713,2909835
48.407372,49.285713,2022-11-25,51.407143,49.285713,50.357143,1988952
47.691784,48.557140,2022-11-28,49.985714,47.614285,48.571426,2041690
47.818066,48.685715,2022-11-29,50.292858,48.342857,48.342857,2271129
48.603809,49.485714,2022-11-30,50.664284,46.871429,48.821426,2414546
52.139648,53.085712,2022-12-01,54.442856,50.000000,50.000000,2061159
52.988533,53.950001,2022-12-02,56.057140,52.178570,52.178570,2331911
54.447769,55.435715,2022-12-05,57.142857,52.142857,55.078571,3230339
55.058121,56.057140,2022-12-06,57.049999,54.042858,54.721428,2128159
52.953453,53.914284,2022-12-07,56.228573,53.000000,56.228573,2648858
52.125618,53.071426,2022-12-08,54.799999,52.857143,54.799999,735324
52.448338,53.400002,2022-12-09,54.785713,52.349998,54.164284,1012419
52.581631,53.535713,2022-12-12,54.285713,51.364285,52.500000,1077385
52.623726,53.578571,2022-12-13,54.650002,52.392857,52.392857,1284311
51.922169,52.864285,2022-12-14,54.271427,52.214287,53.578571,784100
51.746780,52.685715,2022-12-15,54.557140,52.221428,52.221428,873737
50.392773,51.307140,2022-12-16,52.421429,50.714287,52.421429,1127901
51.915154,52.857143,2022-12-19,55.714287,51.057140,52.057140,2210329
52.967487,53.928570,2022-12-20,54.849998,52.250000,52.928570,1701616
51.943218,52.885715,2022-12-21,54.492859,52.164284,54.278572,966183
50.287544,51.200001,2022-12-22,52.849998,50.364285,52.849998,1072569
49.726295,50.628571,2022-12-23,50.907143,48.985714,50.392857,1640018
50.617271,51.535713,2022-12-26,52.142857,49.642857,49.642857,775712
51.192551,52.121429,2022-12-27,53.271427,50.528572,50.721428,893361
49.670170,50.571426,2022-12-28,52.114285,49.571426,51.442856,1191344
52.406242,53.357143,2022-12-29,54.278572,50.214287,50.357143,2099168
52.967487,53.928570,2022-12-30,54.107143,52.571426,53.214287,842437
54.244320,55.228573,2023-01-03,56.578571,52.857143,53.921429,1613838
53.528732,54.500000,2023-01-04,55.714287,53.728573,55.621429,1332864
54.026836,55.007141,2023-01-05,55.785713,53.764286,54.285713,901465
58.369469,59.428570,2023-01-06,59.900002,55.007141,55.049999,2379280
57.036510,58.071426,2023-01-09,60.685715,56.692856,59.500000,1396612
57.022480,58.057140,2023-01-10,58.571426,57.164284,57.714287,721561
54.791531,55.785713,2023-01-11,58.557140,55.650002,58.278572,1377504
55.030064,56.028572,2023-01-12,58.214287,55.257141,55.821426,1367399
53.612915,54.585712,2023-01-13,55.357143,53.592857,55.357143,1139258
54.111023,55.092857,2023-01-16,56.914284,54.135715,54.135715,1209145
54.973938,55.971428,2023-01-17,57.135715,54.564285,54.564285,1581207
55.892975,56.907143,2023-01-18,57.664284,55.000000,55.000000,987226
55.282619,56.285713,2023-01-19,58.207142,55.585712,56.099998,1195458
55.493088,56.500000,2023-01-20,58.192856,56.007141,56.785713,811244
55.563244,56.571426,2023-01-30,58.571426,56.457142,56.571426,1074071
53.584854,54.557140,2023-01-31,57.628571,54.500000,56.071426,895904
54.644207,55.635715,2023-02-01,55.928570,53.535713,54.557140,1640980
56.657673,57.685715,2023-02-02,58.128571,54.285713,55.021427,2547696
56.531391,57.557140,2023-02-03,58.842857,56.057140,57.178570,1918183
56.496311,57.521427,2023-02-06,59.492859,56.942856,57.557140,1258965
56.875153,57.907143,2023-02-07,58.035713,56.428570,57.857143,1101672
55.619370,56.628571,2023-02-08,58.950001,56.214287,57.785713,845758
54.300442,55.285713,2023-02-09,56.785713,55.057140,56.421429,1709335
54.089973,55.071426,2023-02-10,55.371429,53.571426,55.285713,1776590
59.351646,60.428570,2023-02-13,62.071426,54.285713,54.921429,4478580
58.509777,59.571426,2023-02-14,60.714287,57.857143,60.714287,1736666
56.580502,57.607143,2023-02-15,60.714287,57.364285,60.714287,1002755
54.651222,55.642857,2023-02-16,57.750000,55.485714,57.614285,1675230
56.861122,57.892857,2023-02-17,57.900002,55.035713,55.650002,2661153
57.148762,58.185715,2023-02-20,58.557140,56.135715,57.214287,1393264
55.493088,56.500000,2023-02-21,58.485714,55.014286,57.857143,2183946
53.949665,54.928570,2023-02-22,56.400002,54.357143,56.285713,1149192
53.339310,54.307140,2023-02-23,55.428570,53.592857,54.821426,1189290
52.195774,53.142857,2023-02-24,54.900002,50.735714,54.228573,3718738
50.512039,51.428570,2023-02-27,52.785713,51.085712,52.057140,2078336
50.105137,51.014286,2023-02-28,52.042858,48.349998,51.142857,5852926
50.932976,51.857143,2023-03-01,52.849998,50.735714,50.778572,3693541
50.161259,51.071426,2023-03-02,53.257141,50.728573,51.978573,3166195
51.466160,52.400002,2023-03-03,53.250000,50.807140,50.807140,1692154
53.100780,54.064285,2023-03-06,55.000000,52.021427,52.349998,2268796
51.915154,52.857143,2023-03-07,54.128571,52.357143,54.000000,1429638
50.722507,51.642857,2023-03-08,52.971428,50.985714,52.371429,1055077
50.406807,51.321426,2023-03-09,51.921429,50.707142,51.635715,1279734
48.926525,49.814285,2023-03-10,51.142857,49.571426,51.142857,1140276
50.245449,51.157143,2023-03-13,51.500000,48.971428,49.821426,1721634
49.550911,50.450001,2023-03-14,51.142857,49.292858,51.142857,1162403
49.578972,50.478573,2023-03-15,52.571426,50.157143,50.157143,1198708
48.758148,49.642857,2023-03-16,50.785713,48.592857,50.357143,1160007
48.933537,49.821426,2023-03-17,50.400002,49.285713,49.978573,1130750
47.600582,48.464287,2023-03-20,49.714287,47.357143,49.578571,2688960
48.695011,49.578571,2023-03-21,51.092857,47.778572,48.571426,1746438
46.990231,47.842857,2023-03-22,50.000000,47.435715,49.299999,1719212
46.162392,47.000000,2023-03-23,49.035713,46.478573,47.700001,2265916
44.415516,45.221428,2023-03-24,47.328571,44.921429,47.007141,2744438
45.215290,46.035713,2023-03-27,46.750000,44.728573,45.428570,2647999
44.759277,45.571426,2023-03-28,47.892857,45.471428,46.142857,2366583
44.611954,45.421429,2023-03-29,46.878571,45.142857,45.528572,1416464
45.516960,46.342857,2023-03-30,46.378571,45.142857,45.357143,971300
48.652916,49.535713,2023-03-31,49.935715,46.000000,46.000000,2176662
48.407372,49.285713,2023-04-03,50.342857,47.721428,48.828571,2411981
48.330200,49.207142,2023-04-04,51.278572,48.571426,49.014286,2692529
49.249241,50.142857,2023-04-06,50.221428,47.500000,48.585712,2178020
48.982651,49.871429,2023-04-07,50.414284,49.564285,50.142857,1052800
51.185532,52.114285,2023-04-10,52.500000,49.142857,49.571426,2413693
48.056591,48.928570,2023-04-11,52.121429,48.835712,52.114285,2353222
49.298347,50.192856,2023-04-12,52.192856,49.085712,49.535713,2406483
48.835320,49.721428,2023-04-13,51.349998,48.942856,50.314285,1293378
49.459705,50.357143,2023-04-14,51.728573,49.571426,49.835712,1422451
51.676624,52.614285,2023-04-17,52.714287,50.000000,50.164284,2687456
51.206581,52.135715,2023-04-18,52.771427,51.528572,52.414284,995297
49.810486,50.714287,2023-04-19,52.599998,50.364285,52.142857,1152410
47.355038,48.214287,2023-04-20,50.614285,47.000000,50.035713,2682898
45.502930,46.328571,2023-04-21,49.035713,45.864285,49.035713,2280294
41.903946,42.664284,2023-04-24,46.742859,41.907143,46.742859,3922228
39.146832,39.857143,2023-04-25,43.049999,38.985714,43.049999,3326220
39.532688,40.250000,2023-04-26,42.035713,39.842857,39.900002,2323473
39.420441,40.135715,2023-04-27,41.935715,39.842857,40.357143,2675282
39.041599,39.750000,2023-04-28,41.778572,39.071426,40.171429,2481918
37.322784,38.000000,2023-05-04,40.028572,37.571426,39.642857,3195308
37.371895,38.049999,2023-05-05,38.371429,37.278572,38.099998,1344831
37.428020,38.107143,2023-05-08,38.407143,36.792858,38.328571,2752094
35.498737,36.142857,2023-05-09,37.771427,35.571426,37.771427,2112730
35.954750,36.607143,2023-05-10,36.735714,35.292858,35.885715,1635418
35.758316,36.407143,2023-05-11,37.407143,35.828571,36.528572,1555149
34.937492,35.571426,2023-05-12,36.614285,35.364285,36.349998,1116934
36.186264,36.842857,2023-05-15,36.892857,35.285713,35.285713,1709969
35.575909,36.221428,2023-05-16,37.178570,36.028572,36.642857,1012153
35.456646,36.099998,2023-05-17,36.621429,35.821426,36.150002,753355
34.720013,35.349998,2023-05-18,36.235714,35.228573,36.078571,1649426
34.656872,35.285713,2023-05-19,36.049999,34.971428,35.250000,2542097
36.235374,36.892857,2023-05-22,37.750000,35.271427,35.464287,2965180
36.410759,37.071426,2023-05-23,38.000000,36.842857,36.935715,1614494
36.221340,36.878571,2023-05-24,37.557140,36.450001,37.000000,1332601
36.284481,36.942856,2023-05-25,37.842857,36.492859,36.807140,1570115
36.459873,37.121429,2023-05-26,37.421429,35.549999,36.571426,2384292
36.017891,36.671429,2023-05-29,37.200001,36.228573,37.121429,1992566
35.533817,36.178570,2023-05-30,36.785713,35.721428,36.571426,1346441
35.267227,35.907143,2023-05-31,37.771427,35.892857,36.700001,1908554
36.165215,36.821426,2023-06-01,38.357143,35.707142,35.992859,3876430
37.133362,37.807140,2023-06-02,38.257141,36.364285,36.849998,3914808
36.551075,37.214287,2023-06-05,37.828571,36.642857,37.821426,2911501
34.902416,35.535713,2023-06-06,37.235714,35.364285,37.221428,2415198
34.867340,35.500000,2023-06-07,35.985714,34.985714,35.535713,1290690
34.053535,34.671429,2023-06-08,36.057140,34.364285,35.435715,1622257
34.067566,34.685715,2023-06-09,35.992859,34.364285,34.671429,1993527
35.821453,36.471428,2023-06-12,37.000000,34.642857,34.871429,2604953
37.357861,38.035713,2023-06-13,38.349998,36.150002,36.407143,2859312
39.511642,40.228573,2023-06-14,41.114285,37.321426,38.250000,5690283
38.578571,39.278572,2023-06-15,40.500000,38.728573,40.500000,3778874
39.259998,39.259998,2023-06-16,39.619999,38.310001,38.779999,2040527
38.330002,38.330002,2023-06-19,40.180000,38.180000,39.000000,2719690
39.220001,39.220001,2023-06-20,39.980000,37.779999,38.270000,2701884
38.049999,38.049999,2023-06-21,39.279999,37.700001,38.840000,1680911
37.500000,37.500000,2023-06-26,38.630001,37.369999,37.500000,1499076
37.470001,37.470001,2023-06-27,37.790001,36.889999,37.270000,1691179
37.880001,37.880001,2023-06-28,37.939999,36.500000,37.180000,1808201
39.599998,39.599998,2023-06-29,39.990002,37.310001,37.419998,2933767
40.000000,40.000000,2023-06-30,40.060001,38.610001,39.650002,2387491
38.060001,38.060001,2023-07-03,39.950001,37.520000,39.950001,4057494
38.549999,38.549999,2023-07-04,39.380001,37.570000,38.029999,3636590
39.009998,39.009998,2023-07-05,40.349998,38.009998,38.529999,2900599
39.580002,39.580002,2023-07-06,40.599998,38.500000,39.299999,2496173
38.540001,38.540001,2023-07-07,39.599998,38.110001,39.599998,1817229
38.759998,38.759998,2023-07-10,39.220001,38.270000,38.730000,1693787
40.119999,40.119999,2023-07-11,40.400002,38.500000,38.790001,2810626
42.790001,42.790001,2023-07-12,43.430000,39.520000,40.090000,5582101
41.880001,41.880001,2023-07-13,43.169998,41.380001,43.119999,2812408
42.750000,42.750000,2023-07-14,43.980000,41.599998,42.090000,3163952
40.930000,40.930000,2023-07-17,43.490002,40.770000,42.230000,1838810
40.500000,40.500000,2023-07-18,41.490002,40.099998,40.840000,1350351
40.759998,40.759998,2023-07-19,41.299999,40.180000,40.650002,1625855
40.099998,40.099998,2023-07-20,41.500000,40.000000,40.700001,1435443
39.220001,39.220001,2023-07-21,40.200001,38.599998,40.200001,2138377
38.810001,38.810001,2023-07-24,39.459999,38.639999,39.209999,874760
41.560001,41.560001,2023-07-25,43.000000,39.750000,39.750000,2597736
41.150002,41.150002,2023-07-26,41.549999,40.580002,41.549999,1438754
40.230000,40.230000,2023-07-27,41.380001,40.009998,41.139999,1468125
41.880001,41.880001,2023-07-28,42.080002,39.669998,40.090000,1605341
42.310001,42.310001,2023-07-31,43.680000,41.619999,42.099998,2245237
41.290001,41.290001,2023-08-01,42.540001,40.830002,42.540001,1185939
42.259998,42.259998,2023-08-02,43.130001,42.080002,42.080002,2368893
40.910000,40.910000,2023-08-03,42.200001,40.509998,42.200001,1910937
40.270000,40.270000,2023-08-04,41.200001,39.880001,40.849998,1930248
40.110001,40.110001,2023-08-07,40.560001,39.770000,40.360001,827196
39.509998,39.509998,2023-08-08,40.189999,39.299999,39.910000,985462
37.900002,37.900002,2023-08-09,39.630001,37.759998,39.310001,1629052
37.900002,37.900002,2023-08-10,38.180000,37.200001,37.910000,818317
37.660000,37.660000,2023-08-11,38.470001,37.450001,37.720001,694385
38.480000,38.480000,2023-08-14,38.520000,36.799999,37.500000,1199312
37.750000,37.750000,2023-08-15,38.630001,37.000000,38.630001,1123225
38.020000,38.020000,2023-08-16,38.480000,37.470001,37.820000,746310
38.950001,38.950001,2023-08-17,39.459999,37.650002,37.740002,801225
38.299999,38.299999,2023-08-18,39.639999,38.299999,39.040001,723356
37.209999,37.209999,2023-08-21,38.919998,37.000000,38.200001,1035143
37.180000,37.180000,2023-08-22,37.669998,36.349998,37.490002,869530
36.320000,36.320000,2023-08-23,37.090000,36.060001,36.820000,381474
36.599998,36.599998,2023-08-24,36.860001,36.139999,36.410000,401260
35.480000,35.480000,2023-08-25,36.490002,34.980000,36.299999,835244
30.809999,30.809999,2023-08-28,37.299999,30.190001,36.900002,6715460
31.389999,31.389999,2023-08-29,32.189999,29.600000,31.080000,5664361
32.910000,32.910000,2023-08-30,33.630001,31.400000,31.400000,3671970
32.000000,32.000000,2023-08-31,33.000000,31.889999,32.849998,1951812
32.360001,32.360001,2023-09-01,32.570000,31.500000,31.730000,1604304
34.610001,34.610001,2023-09-04,35.180000,32.900002,32.900002,4097518
34.529999,34.529999,2023-09-05,35.650002,33.980000,34.610001,1885742
35.529999,35.529999,2023-09-06,35.740002,34.270000,34.529999,1625389
34.400002,34.400002,2023-09-07,35.500000,34.230000,35.360001,1127156
34.520000,34.520000,2023-09-08,34.849998,34.189999,34.209999,650612
34.660000,34.660000,2023-09-11,35.150002,33.689999,34.509998,1120225
34.099998,34.099998,2023-09-12,34.959999,33.990002,34.599998,954740
34.160000,34.160000,2023-09-13,34.279999,33.759998,34.189999,1105461
33.320000,33.320000,2023-09-14,34.090000,32.900002,33.990002,926687
33.139999,33.139999,2023-09-15,33.830002,32.930000,33.310001,633304
33.250000,33.250000,2023-09-18,34.000000,32.950001,33.139999,602003
33.040001,33.040001,2023-09-19,33.320000,32.860001,33.230000,690305
32.689999,32.689999,2023-09-20,33.279999,32.599998,33.110001,628448
32.000000,32.000000,2023-09-21,32.880001,32.000000,32.740002,583103
32.910000,32.910000,2023-09-22,33.009998,31.700001,32.029999,1182163
32.919998,32.919998,2023-09-25,33.389999,32.419998,33.000000,1006303
33.490002,33.490002,2023-09-26,33.770000,32.639999,32.919998,989512
34.029999,34.029999,2023-09-27,34.340000,33.049999,33.450001,1134272
34.180000,34.180000,2023-09-28,34.400002,33.419998,34.029999,688995
33.160000,33.160000,2023-10-09,34.200001,33.130001,34.009998,978779
33.029999,33.029999,2023-10-10,33.680000,32.869999,33.299999,754023
33.480000,33.480000,2023-10-11,34.279999,32.799999,33.340000,971085
33.709999,33.709999,2023-10-12,33.990002,32.900002,33.610001,757115
33.060001,33.060001,2023-10-13,33.689999,33.000000,33.529999,519296
32.980000,32.980000,2023-10-16,33.480000,32.709999,33.299999,951530
31.900000,31.900000,2023-10-17,33.270000,31.600000,33.270000,1055172
31.129999,31.129999,2023-10-18,32.130001,30.910000,31.969999,676324
30.730000,30.730000,2023-10-19,31.750000,30.420000,31.010000,803318
30.240000,30.240000,2023-10-20,31.040001,30.160000,30.690001,658024
29.190001,29.190001,2023-10-23,30.299999,28.940001,30.299999,742672
29.799999,29.799999,2023-10-24,29.920000,28.740000,29.299999,855747
30.309999,30.309999,2023-10-25,32.200001,29.799999,29.799999,1359646
30.049999,30.049999,2023-10-26,30.270000,29.500000,30.000000,733339
31.059999,31.059999,2023-10-27,31.200001,29.000000,30.090000,1413423
31.440001,31.440001,2023-10-30,31.700001,30.500000,30.920000,839473
30.860001,30.860001,2023-10-31,31.400000,30.650000,31.000000,1193387
34.009998,34.009998,2023-11-01,34.020000,30.610001,30.930000,3781386
33.500000,33.500000,2023-11-02,35.689999,33.330002,33.939999,3937742
33.389999,33.389999,2023-11-03,33.990002,32.970001,33.599998,2350614
35.200001,35.200001,2023-11-06,35.630001,33.349998,33.349998,2616565
34.490002,34.490002,2023-11-07,35.700001,34.459999,35.200001,1871620
34.669998,34.669998,2023-11-08,34.810001,34.200001,34.549999,1124572
34.049999,34.049999,2023-11-09,34.799999,33.939999,34.799999,1154978
33.730000,33.730000,2023-11-10,34.320000,33.139999,33.980000,1347908
33.700001,33.700001,2023-11-13,34.180000,33.279999,33.799999,1389224
33.860001,33.860001,2023-11-14,34.049999,33.410000,33.700001,728235
34.209999,34.209999,2023-11-15,34.880001,34.029999,34.099998,1016674
32.660000,32.660000,2023-11-16,34.009998,32.400002,34.009998,2122613
32.820000,32.820000,2023-11-17,33.070000,32.320000,32.570000,1231149
34.049999,34.049999,2023-11-20,34.299999,32.529999,33.119999,1440886
33.189999,33.189999,2023-11-21,34.380001,33.180000,34.099998,1145734
32.650002,32.650002,2023-11-22,33.500000,32.570000,33.200001,1426003
32.689999,32.689999,2023-11-23,33.000000,32.200001,32.730000,637281
31.540001,31.540001,2023-11-24,32.700001,31.320000,32.689999,1101857
31.400000,31.400000,2023-11-27,31.770000,31.200001,31.450001,637232
31.610001,31.610001,2023-11-28,31.990000,31.080000,31.389999,1070699
31.290001,31.290001,2023-11-29,31.980000,31.209999,31.719999,613891
31.070000,31.070000,2023-11-30,31.570000,30.760000,31.290001,655515
31.000000,31.000000,2023-12-01,31.280001,30.610001,31.070000,621662
29.540001,29.540001,2023-12-04,31.040001,29.200001,30.870001,2418265
27.969999,27.969999,2023-12-05,29.540001,27.959999,29.540001,2200184
28.330000,28.330000,2023-12-06,28.809999,28.040001,28.520000,1157776
27.790001,27.790001,2023-12-07,28.320000,27.750000,28.309999,1014928
28.190001,28.190001,2023-12-08,28.459999,27.790001,27.790001,1237664
28.420000,28.420000,2023-12-11,28.650000,27.680000,28.180000,1583563
28.650000,28.650000,2023-12-12,28.780001,28.219999,28.420000,1314439
28.530001,28.530001,2023-12-13,28.959999,28.400000,28.799999,969832
28.200001,28.200001,2023-12-14,28.790001,28.100000,28.530001,752747
28.219999,28.219999,2023-12-15,28.500000,28.129999,28.379999,475224
27.410000,27.410000,2023-12-18,28.190001,27.260000,28.190001,838517
27.440001,27.440001,2023-12-19,27.570000,26.920000,27.270000,721314
26.990000,26.990000,2023-12-20,27.799999,26.900000,27.580000,673275
26.900000,26.900000,2023-12-21,27.120001,26.260000,26.850000,1164264
26.250000,26.250000,2023-12-22,26.930000,26.020000,26.650000,1256453
26.750000,26.750000,2023-12-25,26.790001,25.500000,25.500000,1387925
26.059999,26.059999,2023-12-26,26.750000,26.030001,26.750000,821165
26.309999,26.309999,2023-12-27,26.610001,26.070000,26.240000,1175654
27.190001,27.190001,2023-12-28,27.750000,26.100000,26.240000,2183164
27.900000,27.900000,2023-12-29,27.950001,26.879999,27.240000,2386992
27.450001,27.450001,2024-01-02,27.980000,27.370001,27.900000,952178
26.410000,26.410000,2024-01-03,27.400000,26.299999,27.389999,1641270
25.740000,25.740000,2024-01-04,26.520000,25.510000,26.520000,1566962
25.120001,25.120001,2024-01-05,26.080000,25.030001,25.700001,1296951
23.860001,23.860001,2024-01-08,25.200001,23.860001,25.129999,1966054
24.320000,24.320000,2024-01-09,25.270000,24.000000,24.070000,2835461
24.400000,24.400000,2024-01-10,24.959999,23.830000,24.290001,2194739
25.059999,25.059999,2024-01-11,25.170000,24.200001,24.360001,1704670
24.850000,24.850000,2024-01-12,25.780001,24.809999,25.000000,1424700
24.850000,24.850000,2024-01-15,24.850000,24.850000,24.850000,0
24.520000,24.520000,2024-01-16,24.770000,24.000000,24.770000,1797502
23.709999,23.709999,2024-01-17,24.600000,23.700001,24.520000,1160446
23.320000,23.320000,2024-01-18,23.850000,22.650000,23.670000,1883626
22.850000,22.850000,2024-01-19,23.660000,22.850000,23.400000,1024360
21.250000,21.250000,2024-01-22,22.850000,21.110001,22.850000,2484618
21.420000,21.420000,2024-01-23,21.750000,20.980000,21.360001,1650424
21.200001,21.200001,2024-01-24,22.139999,20.600000,21.760000,2178101
23.090000,23.090000,2024-01-25,23.190001,20.790001,21.350000,4785340
22.299999,22.299999,2024-01-26,23.000000,22.219999,22.889999,3026862
22.299999,22.299999,2024-01-29,23.000000,21.940001,22.570000,2177641
21.299999,21.299999,2024-01-30,22.690001,21.250000,22.299999,1929477
19.840000,19.840000,2024-01-31,21.400000,19.750000,21.250000,2074614
19.280001,19.280001,2024-02-01,20.230000,19.260000,19.850000,2884966
18.200001,18.200001,2024-02-02,19.580000,17.370001,19.440001,4724599
16.700001,16.700001,2024-02-05,18.049999,15.820000,18.030001,4373328
19.049999,19.049999,2024-02-06,19.370001,16.160000,16.500000,3937653
18.510000,18.510000,2024-02-07,20.139999,18.200001,19.790001,4206398
21.350000,21.350000,2024-02-08,21.420000,18.309999,18.570000,3473659
21.400000,21.400000,2024-02-19,22.190001,20.900000,21.799999,3329040
21.080000,21.080000,2024-02-20,21.790001,20.520000,21.600000,1632665
21.660000,21.660000,2024-02-21,22.350000,20.719999,20.719999,2084751
21.850000,21.850000,2024-02-22,22.219999,21.400000,21.600000,1734228
22.200001,22.200001,2024-02-23,22.219999,21.520000,21.790001,1829093
23.910000,23.910000,2024-02-26,24.360001,22.500000,23.100000,5858198
24.290001,24.290001,2024-02-27,24.700001,23.020000,23.600000,3926537
21.799999,21.799999,2024-02-28,24.340000,21.420000,24.200001,4601057
22.510000,22.510000,2024-02-29,22.510000,21.299999,21.299999,2811972
23.219999,23.219999,2024-03-01,23.230000,22.180000,22.520000,2533033
22.889999,22.889999,2024-03-04,23.490000,22.500000,23.219999,1641024
21.830000,21.830000,2024-03-05,22.660000,21.700001,22.559999,2211353
21.830000,21.830000,2024-03-06,22.219999,21.580000,21.799999,1775764
21.620001,21.620001,2024-03-07,22.690001,21.620001,22.150000,2121568
21.950001,21.950001,2024-03-08,22.100000,21.450001,21.690001,1618320
22.660000,22.660000,2024-03-11,22.750000,21.650000,21.730000,1980763
23.799999,23.799999,2024-03-12,24.100000,22.549999,22.660000,3042646
24.690001,24.690001,2024-03-13,25.600000,23.950001,23.959999,4989069
23.809999,23.809999,2024-03-14,24.830000,23.400000,24.799999,2707006
24.040001,24.040001,2024-03-15,24.160000,23.389999,23.940001,1639654
23.900000,23.900000,2024-03-18,24.250000,23.590000,24.200001,2130323
23.719999,23.719999,2024-03-19,24.049999,23.650000,23.930000,1506998
23.340000,23.340000,2024-03-20,23.820000,23.110001,23.610001,2589649
22.930000,22.930000,2024-03-21,23.700001,22.600000,23.530001,2104126
22.230000,22.230000,2024-03-22,23.000000,22.100000,22.920000,1989544
20.430000,20.430000,2024-03-25,22.280001,20.320000,22.280001,5022061
20.590000,20.590000,2024-03-26,20.700001,20.020000,20.540001,2152868
19.709999,19.709999,2024-03-27,20.600000,19.650000,20.600000,1532256
19.719999,19.719999,2024-03-28,20.170000,19.570000,19.600000,1847321
19.629999,19.629999,2024-03-29,19.879999,19.360001,19.719999,987850
